Student_ID,Math_Score,Science_Score,English_Score,Study_Hours_Per_Week,Assignments_Completed,Participation_Score,Absences,Previous_Attendance_Percentage,Attendance_Percentage,Attendance_Label
1,49,38,70,8,7,3,23,50.43,50.15,Low
2,89,39,38,3,6,4,16,76.91,57.89,Low
3,60,88,63,15,18,5,25,91.07,81.99,High
4,89,78,70,5,6,6,3,49.92,79.64,High
5,47,80,79,20,8,1,23,69.35,76.59,High
6,45,72,81,19,6,2,1,80.05,100,High
7,72,45,64,4,12,5,14,78.69,71.3,Low
8,61,69,44,20,20,3,17,83.64,92.05,High
9,55,94,83,9,20,9,7,81.28,100,High
10,64,39,75,13,8,2,6,93.4,79.21,High
11,75,62,98,13,20,8,4,59.04,100,High
12,68,89,86,12,7,3,16,71.16,83.19,High
13,41,49,54,21,5,7,19,48.37,51.16,Low
14,67,36,49,22,17,5,24,78.97,88.59,High
15,49,72,90,6,14,1,30,83.27,57.88,Low
16,57,99,48,21,9,9,19,55.54,65.09,Low
17,82,55,35,20,10,8,0,50.93,85.06,High
18,74,65,42,8,18,2,2,83.79,100,High
19,43,51,51,22,15,9,5,59.05,96.68,High
20,62,60,74,13,20,6,14,92.68,89.8,High
21,92,50,66,8,2,6,0,76.18,88.08,High
22,44,42,64,3,1,6,2,72.25,75.2,High
23,70,97,62,18,4,10,18,70.05,82.21,High
24,59,47,47,22,13,6,13,66.79,74.62,Low
25,41,47,42,13,10,2,7,55.15,69.1,Low
26,58,70,94,8,2,8,25,90.65,64.84,Low
27,47,41,36,3,7,3,13,70.74,60.9,Low
28,42,56,83,1,12,5,29,86.56,61.49,Low
29,93,71,89,23,17,8,4,55.06,100,High
30,42,75,42,2,18,8,16,93.73,81.03,High
31,55,42,100,3,5,2,19,48.6,56.03,Low
32,66,40,45,14,18,10,16,61.77,77.16,High
33,68,61,75,8,8,7,4,80.6,87.82,High
34,44,36,93,20,18,2,2,73.49,100,High
35,99,68,51,12,2,4,11,60.1,68.64,Low
36,73,36,73,22,3,3,8,51.12,79.42,High
37,48,54,69,10,19,4,22,63.17,65.73,Low
38,99,97,67,2,2,7,26,59.66,49.26,Low
39,35,77,51,21,8,3,23,68.42,63.93,Low
40,49,44,54,18,1,6,18,74.28,58.93,Low
41,90,51,40,10,11,1,28,63.96,53.44,Low
42,80,87,54,8,5,3,28,66.85,49.5,Low
43,57,77,87,22,7,5,5,86.73,100,High
44,95,63,60,15,11,5,26,87.15,81.77,High
45,64,63,38,22,6,7,10,59.77,89.11,High
46,79,100,86,22,17,6,30,46.46,80.21,High
47,68,57,68,2,3,10,13,63.32,68.69,Low
48,100,49,84,19,6,5,1,82.57,96.31,High
49,35,60,81,14,2,6,19,61.64,66.07,Low
50,73,99,74,22,13,6,12,81.95,92.91,High
51,51,59,88,22,12,3,19,75.16,72.15,Low
52,73,71,61,14,18,10,20,62.08,88.36,High
53,91,91,62,17,15,3,21,49.49,70.8,Low
54,77,46,65,22,9,4,25,55.55,65.97,Low
55,38,40,66,16,19,2,14,66.97,76.09,High
56,84,98,86,8,4,1,28,84.8,60.97,Low
57,48,89,63,6,16,8,1,74.54,98.92,High
58,52,94,75,25,14,10,26,83.12,85.6,High
59,99,89,92,6,15,8,8,84.84,100,High
60,97,65,70,15,2,5,7,59.4,79.4,High
61,75,45,52,5,7,7,22,53.1,57.49,Low
62,77,94,88,2,6,7,12,92.96,89.11,High
63,37,83,96,1,11,5,24,65.67,67.11,Low
64,63,97,63,9,13,8,0,65.61,92.21,High
65,86,56,94,5,19,9,0,93.07,100,High
66,45,89,52,15,5,1,8,65.09,71.88,Low
67,62,93,76,11,12,5,24,95.41,69.65,Low
68,95,37,41,12,7,2,24,95.74,71.11,Low
69,40,38,66,7,0,10,4,57.64,67.64,Low
70,62,94,67,25,11,3,19,77.18,85.88,High
71,49,55,74,4,18,1,29,61.53,49.08,Low
72,85,60,44,19,20,4,3,81.95,94.73,High
73,73,50,40,12,17,7,21,64.64,68.74,Low
74,88,97,48,14,11,8,22,53.11,74.65,Low
75,57,69,96,15,13,10,8,62.08,93.68,High
76,70,92,66,25,14,10,19,80.41,100,High
77,78,38,98,11,5,8,6,63.81,83.8,High
78,70,36,59,3,7,7,15,74.42,70.87,Low
79,65,95,97,15,0,2,9,56.74,75.71,High
80,82,95,79,14,17,6,11,82.25,95.97,High
81,69,74,67,8,3,4,10,51.34,61.0,Low
82,58,59,62,24,15,5,23,76.25,78.15,High
83,71,47,59,10,7,6,5,61.02,79.37,High
84,40,41,72,23,4,8,3,91.25,91.22,High
85,71,95,96,15,10,3,30,47.72,67.79,Low
86,43,86,97,3,18,1,4,52.91,82.33,High
87,73,45,66,4,17,7,19,76.59,68.54,Low
88,83,92,91,10,18,7,9,75.14,94.42,High
89,42,47,61,21,6,5,21,49.3,61.77,Low
90,55,35,87,15,19,8,9,46.73,93.26,High
91,71,71,93,3,7,5,25,86.94,57.48,Low
92,60,89,49,18,7,3,29,59.08,53.92,Low
93,53,44,42,6,9,10,23,88.68,69.33,Low
94,94,73,86,9,16,9,15,68.2,87.36,High
95,40,90,76,20,8,1,2,57.13,83.94,High
96,37,69,40,25,5,8,16,79.53,69.69,Low
97,70,58,90,21,15,2,15,63.44,81.9,High
98,55,77,87,23,15,5,21,95.1,96.91,High
99,39,93,46,11,8,6,3,96.42,87.16,High
100,35,94,87,2,6,9,11,78.0,80.03,High
101,98,91,41,7,8,9,4,94.17,91.0,High
102,50,38,65,23,5,5,17,45.72,68.83,Low
103,87,46,63,4,14,2,20,89.1,64.21,Low
104,100,69,88,16,15,4,14,74.22,93.22,High
105,84,59,100,24,4,2,8,85.95,97.15,High
106,99,69,35,10,9,10,18,97.94,80.8,High
107,97,54,92,18,15,6,10,74.25,93.39,High
108,76,59,65,19,12,4,27,86.1,72.62,Low
109,40,75,95,23,12,7,21,87.0,83.99,High
110,39,51,99,19,10,2,27,89.79,66.17,Low
111,47,93,36,24,4,7,27,79.7,71.22,Low
112,68,78,85,21,2,6,27,80.74,74.49,Low
113,83,75,97,18,1,10,2,57.44,93.16,High
114,64,46,90,4,20,2,14,53.82,70.8,Low
115,73,38,40,11,1,5,11,64.87,69.98,Low
116,58,56,57,3,19,7,19,81.21,80.2,High
117,98,53,64,15,20,5,14,58.53,98.21,High
118,71,55,44,15,11,10,9,78.86,90.4,High
119,89,67,93,10,6,7,27,70.61,67.17,Low
120,72,72,37,22,12,5,0,74.99,100,High
121,41,98,71,25,7,10,25,63.67,70.68,Low
122,52,47,40,10,14,1,18,64.34,58.85,Low
123,51,46,72,11,13,3,6,52.0,65.64,Low
124,99,69,56,9,15,5,23,91.13,76.74,High
125,49,94,44,5,7,7,30,89.82,55.85,Low
126,85,36,68,18,3,8,11,80.66,82.87,High
127,68,83,82,4,7,8,0,77.84,97.5,High
128,63,43,94,23,9,7,3,52.41,92.05,High
129,39,73,98,4,3,4,28,73.49,47.0,Low
130,88,54,88,21,3,8,19,66.63,81.14,High
131,70,39,82,7,14,8,30,57.51,49.51,Low
132,82,80,42,13,8,4,30,51.47,66.16,Low
133,93,46,62,21,20,10,0,47.68,100,High
134,61,43,61,19,6,4,10,86.04,95.79,High
135,35,70,53,5,17,5,25,54.25,57.21,Low
136,36,80,65,19,10,1,5,59.06,82.9,High
137,51,88,49,24,2,8,14,86.23,81.87,High
138,99,63,40,24,16,5,14,79.1,95.78,High
139,38,42,96,13,13,2,15,82.76,66.88,Low
140,76,53,43,5,8,10,20,76.02,71.49,Low
141,76,83,72,15,16,10,13,50.26,86.8,High
142,62,90,92,8,13,6,26,69.04,60.72,Low
143,88,47,75,14,10,5,11,95.54,88.73,High
144,46,45,46,14,3,6,25,51.9,44.44,Low
145,42,77,50,14,11,7,27,93.54,73.43,Low
146,74,80,48,19,16,4,4,79.81,100,High
147,63,48,79,18,11,2,24,59.76,66.54,Low
148,38,69,38,6,8,5,29,63.01,52.27,Low
149,35,58,53,19,12,2,4,84.27,92.04,High
150,62,83,88,15,10,3,11,61.52,82.85,High
151,76,45,41,5,5,10,1,80.72,84.96,High
152,97,91,88,9,6,9,3,63.29,100,High
153,49,71,97,17,9,1,7,65.95,84.65,High
154,73,62,52,25,8,5,10,51.36,83.77,High
155,98,90,57,5,12,9,22,57.2,65.87,Low
156,80,44,85,24,1,7,0,69.37,93.74,High
157,44,75,89,19,12,7,9,51.1,91.47,High
158,93,81,46,14,3,4,13,76.21,79.3,High
159,45,85,74,24,10,4,10,86.29,100,High
160,100,59,79,12,20,3,7,50.45,96.96,High
161,67,60,57,20,4,2,5,95.42,86.63,High
162,92,76,75,5,14,2,15,68.44,74.71,Low
163,73,70,42,12,16,2,9,69.47,90.08,High
164,71,44,46,20,19,9,12,69.52,94.13,High
165,40,92,59,11,19,8,16,53.0,81.95,High
166,78,45,99,21,5,1,7,82.5,90.81,High
167,91,55,81,12,9,7,13,86.05,86.95,High
168,77,43,77,4,17,7,9,58.36,81.32,High
169,54,77,45,19,4,6,9,96.29,86.13,High
170,45,74,83,21,10,3,21,82.25,72.76,Low
171,46,89,100,12,0,6,9,54.55,77.23,High
172,97,59,63,5,4,2,9,89.75,91.01,High
173,47,99,39,22,10,10,4,76.65,100,High
174,56,91,40,14,11,4,14,77.36,82.76,High
175,92,64,65,10,15,4,11,80.95,84.95,High
176,71,83,99,17,13,3,26,55.58,69.5,Low
177,52,67,41,21,15,6,17,94.52,86.42,High
178,50,71,45,25,5,5,14,92.98,78.52,High
179,53,90,46,8,14,6,29,46.41,61.63,Low
180,65,84,45,12,7,1,10,94.33,84.35,High
181,77,53,52,2,9,8,22,89.05,67.38,Low
182,35,45,37,9,6,3,17,94.83,57.84,Low
183,89,49,71,8,9,2,1,57.64,80.45,High
184,43,49,98,20,17,1,20,72.31,72.96,Low
185,65,53,72,14,0,10,11,57.75,67.05,Low
186,45,81,43,17,17,9,25,97.38,85.71,High
187,37,84,95,2,20,7,11,58.44,91.41,High
188,79,65,48,25,18,6,4,47.35,100,High
189,78,57,94,23,15,3,25,52.15,72.94,Low
190,39,72,60,2,6,1,10,94.47,58.99,Low
191,100,85,95,9,1,4,9,63.92,83.11,High
192,77,69,50,12,13,7,23,68.31,62.47,Low
193,84,78,58,16,15,6,29,87.26,76.96,High
194,89,45,90,20,5,9,9,62.02,91.12,High
195,45,76,72,10,14,10,22,67.58,71.65,Low
196,40,80,90,9,20,1,2,80.57,93.32,High
197,86,81,100,24,5,1,4,89.98,100,High
198,51,43,65,25,20,6,11,65.29,89.0,High
199,39,54,92,12,11,8,24,49.07,65.2,Low
200,75,70,66,4,0,3,15,72.44,66.7,Low
201,50,68,68,23,14,4,19,60.14,83.52,High
202,50,52,44,15,5,8,2,87.96,86.42,High
203,75,79,43,18,17,5,28,60.9,75.67,High
204,57,81,100,8,3,4,25,52.36,61.93,Low
205,98,38,81,18,18,6,14,87.59,90.94,High
206,46,43,74,13,15,9,13,85.77,84.21,High
207,44,51,75,21,2,8,14,81.05,72.24,Low
208,58,51,90,17,1,2,16,53.11,72.4,Low
209,56,55,76,23,7,6,30,94.87,78.16,High
210,67,60,70,5,20,5,19,73.27,71.24,Low
211,99,56,54,6,19,10,10,89.65,89.08,High
212,38,45,40,21,18,5,20,56.17,68.41,Low
213,88,38,98,21,17,5,20,95.7,84.5,High
214,86,73,93,3,1,3,14,67.03,68.68,Low
215,94,61,78,20,4,6,27,83.07,71.7,Low
216,86,51,82,17,17,2,10,57.81,79.59,High
217,50,69,92,8,4,2,1,60.38,74.62,Low
218,66,55,76,19,10,4,24,53.45,71.16,Low
219,100,94,98,10,15,1,2,95.1,95.92,High
220,62,80,41,2,9,8,19,91.76,70.49,Low
221,95,71,36,4,13,3,28,59.02,53.85,Low
222,40,86,41,19,17,4,11,74.32,92.49,High
223,44,84,99,15,17,5,26,97.42,81.07,High
224,47,85,82,11,17,6,24,52.65,67.73,Low
225,100,86,99,2,1,1,4,82.82,86.64,High
226,54,100,52,11,19,6,5,65.83,90.15,High
227,73,78,99,17,17,8,22,74.83,87.41,High
228,77,49,88,19,9,1,19,70.15,75.21,High
229,64,41,96,6,16,10,24,89.58,81.24,High
230,39,49,59,1,14,6,13,53.03,70.74,Low
231,61,87,99,25,19,8,27,89.96,92.17,High
232,61,76,96,17,12,6,30,54.18,58.17,Low
233,78,80,68,20,15,4,30,58.07,66.98,Low
234,73,71,61,23,15,6,15,63.49,88.07,High
235,70,71,50,19,17,7,28,96.95,86.84,High
236,53,72,40,10,2,6,29,68.45,38.1,Low
237,67,96,62,7,17,5,29,74.79,68.44,Low
238,65,66,41,22,16,4,20,57.34,79.49,High
239,47,87,77,23,15,2,21,85.85,91.07,High
240,55,87,95,16,20,4,24,96.09,88.42,High
241,76,71,42,25,2,10,7,73.36,90.09,High
242,57,88,57,2,12,8,5,94.64,79.99,High
243,72,39,36,10,18,10,3,94.21,97.73,High
244,98,52,99,15,8,4,25,50.97,71.72,Low
245,55,93,67,23,5,1,23,62.87,65.84,Low
246,59,57,86,14,16,6,2,66.24,100,High
247,47,58,52,16,10,4,0,58.82,88.08,High
248,77,73,36,9,20,6,22,57.52,81.53,High
249,50,94,74,6,12,9,29,92.44,68.35,Low
250,50,72,82,20,7,4,30,52.08,53.73,Low
251,54,93,82,14,17,8,24,73.49,79.13,High
252,66,45,92,17,11,2,29,74.9,61.71,Low
253,42,99,60,19,17,3,5,62.39,92.81,High
254,61,97,46,17,14,1,14,51.99,77.97,High
255,88,93,42,18,14,5,23,46.15,73.99,Low
256,62,44,40,14,11,2,17,97.69,75.99,High
257,43,95,39,10,13,3,24,52.18,54.4,Low
258,88,82,83,15,12,7,2,81.18,100,High
259,52,79,50,6,17,7,16,51.75,82.12,High
260,37,73,94,22,17,7,17,65.1,86.32,High
261,64,66,93,12,4,5,6,94.68,89.51,High
262,88,37,65,7,2,2,19,46.78,50.82,Low
263,41,66,40,13,14,4,17,56.52,69.52,Low
264,99,72,64,24,18,6,18,76.69,95.77,High
265,76,65,73,5,16,4,13,60.93,89.83,High
266,57,89,98,2,11,7,25,72.8,71.18,Low
267,88,87,54,10,12,3,24,73.51,71.42,Low
268,53,94,42,18,13,7,17,73.09,86.47,High
269,84,66,67,7,10,2,29,68.84,53.76,Low
270,59,41,69,13,19,10,1,91.3,100,High
271,59,62,96,7,10,5,30,93.18,64.86,Low
272,50,96,66,23,19,4,12,93.5,100,High
273,76,71,83,15,17,6,9,58.86,87.79,High
274,47,95,75,7,11,6,13,47.42,72.63,Low
275,63,53,37,9,17,10,18,83.16,79.17,High
276,64,83,66,16,17,6,8,85.46,100,High
277,97,97,93,6,11,3,4,83.18,87.26,High
278,42,39,44,22,1,1,13,52.29,62.07,Low
279,64,43,54,1,6,9,14,64.78,58.78,Low
280,96,97,37,1,17,9,13,45.63,75.05,High
281,70,71,37,17,13,3,3,93.66,95.16,High
282,67,80,69,13,2,6,30,66.52,55.31,Low
283,66,63,73,22,2,1,2,66.48,83.11,High
284,36,56,45,16,13,6,18,96.8,82.68,High
285,47,40,64,7,18,8,8,47.47,88.99,High
286,39,57,75,1,6,10,4,84.87,86.24,High
287,85,44,73,6,18,4,18,89.24,73.27,Low
288,77,84,52,23,2,9,23,96.64,87.62,High
289,41,47,90,8,2,6,19,85.76,68.36,Low
290,76,38,69,15,15,4,11,74.31,85.13,High
291,83,90,58,22,18,7,2,85.92,100,High
292,44,45,69,5,12,3,23,65.65,60.32,Low
293,81,48,46,1,9,8,11,85.35,78.66,High
294,90,92,100,14,3,1,2,63.76,92.86,High
295,46,76,84,1,9,7,12,86.3,76.19,High
296,66,56,83,6,4,5,9,59.23,65.3,Low
297,53,43,56,14,8,7,9,70.66,82.45,High
298,66,98,60,15,3,3,9,45.36,76.47,High
299,85,77,83,11,14,6,13,88.22,100,High
300,52,73,76,20,6,8,10,54.41,72.12,Low
301,85,75,72,24,20,8,30,75.52,86.26,High
302,85,81,49,19,6,10,17,54.54,83.85,High
303,38,94,61,15,9,2,26,89.93,69.25,Low
304,52,73,65,9,4,7,25,64.98,50.13,Low
305,92,96,86,18,16,7,17,46.95,97.18,High
306,45,48,66,22,11,3,20,77.47,72.65,Low
307,86,77,90,4,0,2,8,56.77,70.81,Low
308,63,92,82,13,14,10,22,71.52,75.68,High
309,79,38,96,4,9,7,29,95.97,73.46,Low
310,53,79,74,11,14,4,16,70.6,86.3,High
311,95,47,91,24,14,6,2,60.91,100,High
312,78,48,56,24,7,9,5,74.25,94.13,High
313,77,89,94,8,12,3,5,78.95,93.56,High
314,60,92,89,13,0,4,6,59.75,80.08,High
315,43,48,58,12,10,4,14,51.04,63.2,Low
316,75,84,85,19,3,6,11,89.81,85.89,High
317,57,73,45,22,4,6,3,57.64,90.31,High
318,53,100,84,14,19,3,18,65.34,87.42,High
319,58,97,57,18,5,8,9,52.44,80.59,High
320,41,80,36,16,4,4,26,65.35,60.12,Low
321,99,98,87,22,15,7,22,89.51,95.92,High
322,38,63,72,2,8,4,17,60.3,58.78,Low
323,93,98,100,4,18,2,8,86.08,100,High
324,40,91,62,14,3,4,9,91.36,77.48,High
325,39,92,68,12,2,8,27,97.68,65.6,Low
326,79,89,56,20,4,4,26,55.97,60.69,Low
327,42,79,70,20,17,3,10,96.89,95.98,High
328,100,47,52,25,13,1,8,90.95,100,High
329,51,51,66,5,10,4,24,89.71,59.93,Low
330,69,88,83,15,2,2,12,72.33,79.72,High
331,70,82,93,16,10,10,0,91.05,100,High
332,93,80,43,18,12,4,30,67.77,66.58,Low
333,62,98,69,11,9,6,17,75.63,73.5,Low
334,78,41,40,4,20,8,0,51.58,88.39,High
335,55,91,93,1,13,4,22,93.2,76.3,High
336,70,46,81,9,2,6,21,92.9,64.29,Low
337,56,41,85,21,9,4,13,79.74,83.39,High
338,96,44,51,19,7,9,21,68.59,75.4,High
339,36,78,50,14,4,8,2,57.13,89.31,High
340,48,75,82,10,4,7,24,88.11,71.05,Low
341,52,53,43,17,18,1,19,79.45,68.88,Low
342,54,87,91,7,2,2,4,84.88,85.7,High
343,84,79,89,11,4,4,8,79.16,86.55,High
344,71,38,73,7,16,10,16,55.0,82.74,High
345,85,72,41,8,15,7,3,57.78,90.09,High
346,36,81,75,5,12,10,13,64.37,75.25,High
347,57,95,44,1,18,2,0,58.9,89.28,High
348,85,99,71,21,16,7,13,82.2,100,High
349,45,54,70,3,9,2,16,93.81,70.75,Low
350,76,85,43,10,13,4,1,57.96,90.72,High
351,90,49,93,20,19,1,9,80.3,99.06,High
352,36,52,36,6,15,6,16,72.41,65.64,Low
353,68,56,82,5,8,2,24,92.69,61.5,Low
354,43,68,44,16,14,9,11,47.94,84.45,High
355,56,82,55,9,3,10,21,83.31,69.27,Low
356,40,36,66,2,15,6,12,93.77,82.77,High
357,57,39,88,8,10,4,13,93.54,74.94,Low
358,82,50,99,22,1,3,7,87.63,99.57,High
359,40,86,43,15,9,5,10,49.58,69.99,Low
360,72,73,66,15,11,10,15,97.88,93.82,High
361,60,66,54,1,13,1,7,73.7,71.19,Low
362,36,77,35,25,12,5,3,55.88,85.31,High
363,65,88,97,2,4,5,2,47.33,79.76,High
364,87,82,93,24,2,10,3,71.79,100,High
365,85,44,42,14,4,4,9,58.83,70.07,Low
366,76,75,92,9,7,2,30,55.74,62.98,Low
367,48,54,48,6,14,8,10,66.55,64.72,Low
368,61,92,74,15,8,2,2,53.35,85.14,High
369,73,40,62,11,4,2,22,58.16,51.49,Low
370,73,68,57,1,12,8,17,84.65,79.9,High
371,66,47,94,4,4,2,0,48.27,75.69,High
372,60,86,82,22,20,2,18,76.06,88.26,High
373,44,37,43,7,20,8,25,51.83,67.88,Low
374,77,50,40,15,1,3,29,75.42,47.02,Low
375,85,98,38,13,13,3,11,56.38,85.06,High
376,54,39,66,21,9,8,13,91.79,90.97,High
377,96,42,46,9,12,3,13,55.57,77.71,High
378,37,83,80,16,17,8,11,93.37,93.6,High
379,99,76,84,9,5,1,10,76.65,91.1,High
380,70,42,95,17,11,10,7,96.62,100,High
381,47,66,65,9,17,1,24,97.81,73.77,Low
382,84,80,57,6,7,10,10,87.73,96.83,High
383,80,38,80,19,18,3,18,95.26,95.2,High
384,98,74,57,16,1,2,1,57.33,78.41,High
385,63,37,96,1,10,10,6,87.74,84.84,High
386,76,42,37,5,18,3,24,50.88,61.19,Low
387,81,44,82,23,12,10,3,62.84,96.93,High
388,90,97,75,6,17,10,25,63.91,90.87,High
389,57,83,74,24,9,3,5,83.63,100,High
390,85,39,58,20,10,10,7,78.9,92.4,High
391,48,98,53,11,2,4,11,97.07,84.26,High
392,46,77,92,1,8,4,7,81.74,88.23,High
393,79,67,48,24,0,1,12,68.23,73.51,Low
394,87,98,83,12,17,7,3,88.93,100,High
395,63,55,92,3,1,5,0,61.89,79.6,High
396,56,83,55,24,2,9,30,92.6,69.22,Low
397,46,78,96,23,0,7,30,79.64,60.3,Low
398,41,47,77,7,6,7,22,74.37,56.45,Low
399,68,71,73,8,3,1,12,75.3,72.29,Low
400,81,35,89,3,9,10,15,55.58,68.41,Low
401,38,61,56,21,9,2,15,89.72,77.15,High
402,97,68,46,21,17,7,5,64.66,100,High
403,83,82,58,15,1,5,14,69.65,76.09,High
404,42,54,47,3,11,9,13,96.45,80.4,High
405,64,42,84,17,13,9,21,90.95,73.28,Low
406,95,73,45,13,1,9,18,92.72,79.72,High
407,53,50,92,6,5,4,25,55.21,53.3,Low
408,90,60,53,20,8,6,29,83.54,71.52,Low
409,43,46,84,18,12,9,10,90.4,81.5,High
410,36,88,49,14,4,3,18,76.16,64.52,Low
411,47,48,47,10,17,6,28,66.78,56.23,Low
412,95,39,57,9,12,3,19,77.26,76.41,High
413,86,39,85,11,7,1,23,70.19,62.56,Low
414,78,73,74,9,15,2,27,57.08,68.62,Low
415,73,91,76,9,13,10,20,49.73,65.58,Low
416,87,97,82,2,16,3,2,61.49,98.22,High
417,99,86,52,25,16,10,0,54.21,100,High
418,42,66,39,15,1,6,22,55.55,51.64,Low
419,82,94,99,13,20,2,21,46.62,76.06,High
420,57,95,79,12,5,5,23,89.04,76.53,High
421,46,71,38,13,1,3,27,75.33,60.38,Low
422,63,61,69,21,13,9,0,90.83,100,High
423,36,95,51,21,5,10,25,45.45,62.83,Low
424,74,70,89,13,11,8,8,56.57,98.18,High
425,73,85,48,1,16,6,17,79.31,73.72,Low
426,48,96,43,11,8,6,27,59.67,55.27,Low
427,73,59,54,17,7,1,25,90.44,69.41,Low
428,75,52,38,21,15,5,8,93.07,93.23,High
429,86,84,39,19,18,4,10,83.51,100,High
430,95,80,99,10,5,9,5,60.57,98.18,High
431,95,51,68,24,17,3,30,81.02,77.82,High
432,80,63,74,14,10,6,8,76.04,92.63,High
433,94,50,95,2,20,10,18,95.05,100,High
434,99,50,83,17,9,7,1,91.16,100,High
435,54,52,60,11,13,10,28,93.05,66.0,Low
436,58,45,97,11,20,3,10,78.63,91.71,High
437,35,92,70,7,5,10,24,53.4,59.55,Low
438,51,90,89,13,13,8,12,45.25,74.18,Low
439,60,82,36,11,16,4,0,80.87,95.31,High
440,79,74,51,4,12,9,18,61.22,69.43,Low
441,43,40,73,10,14,9,19,72.78,65.68,Low
442,52,78,97,12,6,3,30,93.07,66.41,Low
443,86,37,64,8,4,4,23,46.16,49.82,Low
444,39,83,67,25,17,10,1,76.48,100,High
445,41,48,37,2,3,7,14,65.15,50.78,Low
446,54,61,36,10,13,2,21,72.58,62.7,Low
447,52,88,48,17,19,2,9,51.04,89.23,High
448,60,68,60,12,13,5,5,47.09,85.59,High
449,98,61,96,11,7,1,0,80.6,100,High
450,98,54,46,25,16,2,23,83.35,79.57,High
451,67,64,93,10,8,8,1,50.29,89.75,High
452,72,81,75,14,3,2,27,85.18,64.98,Low
453,40,36,52,22,20,3,10,63.95,79.86,High
454,46,82,78,6,3,7,12,96.0,80.5,High
455,69,84,96,14,20,3,3,52.02,97.85,High
456,55,48,88,19,15,10,21,68.22,67.59,Low
457,83,80,38,22,4,8,29,70.87,71.17,Low
458,43,68,75,1,16,10,23,74.95,65.15,Low
459,78,47,90,22,7,8,11,80.18,90.6,High
460,41,36,55,17,15,8,27,53.77,59.31,Low
461,97,76,65,11,8,1,16,56.8,69.31,Low
462,65,45,93,15,18,8,2,90.4,100,High
463,92,75,50,16,20,1,3,66.38,100,High
464,46,73,100,18,6,8,30,63.07,64.24,Low
465,41,63,93,11,17,10,19,70.08,76.26,High
466,49,47,63,1,10,6,26,78.58,48.22,Low
467,72,82,48,2,5,8,4,88.56,85.24,High
468,67,60,59,4,12,4,14,88.7,71.6,Low
469,59,78,48,25,13,1,29,78.56,69.55,Low
470,92,93,99,5,15,1,16,84.02,83.8,High
471,90,96,100,25,5,10,5,83.72,100,High
472,76,99,84,14,19,4,8,66.09,100,High
473,78,72,92,5,4,7,19,82.1,71.82,Low
474,75,62,60,7,19,5,21,63.3,69.2,Low
475,51,57,99,18,20,6,22,51.12,74.94,Low
476,88,71,89,1,16,2,0,65.19,98.2,High
477,41,42,60,9,5,5,21,58.28,57.54,Low
478,72,61,39,12,14,2,19,91.01,69.99,Low
479,63,84,65,17,9,1,29,65.22,53.61,Low
480,75,41,36,24,8,4,19,91.05,83.24,High
481,91,63,82,25,18,9,23,76.98,96.37,High
482,72,92,57,22,2,3,30,54.21,44.96,Low
483,100,50,83,2,13,5,17,59.0,77.59,High
484,35,77,94,23,4,1,4,94.22,100,High
485,41,73,97,19,17,6,2,86.55,100,High
486,58,43,99,6,13,9,17,66.38,77.96,High
487,79,63,62,22,10,6,11,60.56,94.45,High
488,95,36,49,22,11,8,7,92.94,98.57,High
489,66,40,76,13,3,7,8,73.63,77.05,High
490,82,100,100,15,15,1,9,92.61,100,High
491,59,76,100,3,3,3,30,85.99,46.8,Low
492,61,62,89,4,6,9,26,82.25,61.4,Low
493,90,44,54,1,14,6,1,49.64,91.97,High
494,44,64,68,14,12,8,20,66.44,75.66,High
495,75,37,84,22,3,9,0,79.0,92.96,High
496,40,44,80,17,3,5,25,81.35,55.03,Low
497,46,71,91,13,12,1,15,53.29,73.6,Low
498,72,53,73,22,20,6,30,95.32,91.63,High
499,53,50,40,1,18,10,12,73.47,82.05,High
500,79,62,87,21,16,3,5,54.75,96.28,High
501,67,59,49,6,18,1,27,84.81,71.03,Low
502,44,72,43,9,3,4,23,75.77,54.99,Low
503,77,80,51,22,20,4,3,60.11,100,High
504,97,92,77,20,9,10,4,74.97,100,High
505,81,75,89,6,0,6,7,86.64,81.33,High
506,70,81,52,22,10,8,14,68.6,81.02,High
507,74,97,48,6,20,10,2,89.62,100,High
508,60,68,44,24,2,1,27,71.88,57.1,Low
509,38,86,62,2,17,5,17,92.38,70.26,Low
510,54,81,85,8,18,5,4,69.63,93.33,High
511,100,46,85,12,16,1,21,57.66,87.73,High
512,56,100,52,15,5,3,18,95.28,73.85,Low
513,53,96,80,2,7,8,7,48.33,74.94,Low
514,61,81,84,16,14,1,1,96.97,100,High
515,76,48,70,24,8,10,17,75.22,82.78,High
516,44,67,83,8,16,7,11,88.31,91.93,High
517,79,97,96,20,0,9,28,52.37,67.59,Low
518,70,62,54,6,5,6,19,83.02,68.42,Low
519,50,64,88,11,3,8,21,70.38,66.0,Low
520,87,37,66,2,4,10,18,53.54,63.55,Low
521,100,40,53,2,5,5,29,54.54,53.27,Low
522,37,71,45,7,14,10,15,90.97,78.56,High
523,56,63,87,20,4,10,26,85.68,68.8,Low
524,56,78,93,20,18,2,7,65.05,93.24,High
525,51,48,37,7,16,9,21,67.25,68.65,Low
526,95,39,99,25,3,2,15,79.95,85.93,High
527,35,90,88,12,1,9,13,57.16,74.19,Low
528,83,79,47,14,4,5,15,85.59,70.57,Low
529,45,71,87,9,6,1,22,84.41,69.45,Low
530,35,83,61,23,10,7,11,50.65,82.84,High
531,89,67,68,18,13,10,11,77.43,100,High
532,61,87,96,6,11,9,17,70.64,79.19,High
533,74,79,85,24,4,2,23,57.18,72.6,Low
534,47,62,100,13,10,9,19,81.94,67.43,Low
535,41,55,84,21,0,2,26,52.7,56.8,Low
536,43,68,63,12,2,10,1,83.4,86.46,High
537,86,71,42,25,5,8,14,45.57,86.84,High
538,71,59,39,20,16,9,22,57.28,68.03,Low
539,56,39,81,8,20,1,5,49.6,81.66,High
540,85,86,60,17,0,2,29,49.78,58.1,Low
541,71,79,79,9,7,10,30,55.31,65.37,Low
542,68,57,87,17,3,9,2,71.67,90.46,High
543,78,49,100,9,17,10,8,81.79,100,High
544,66,78,93,22,14,10,27,46.45,75.11,High
545,49,68,43,13,20,4,21,82.16,79.15,High
546,80,36,68,8,9,2,12,80.71,70.49,Low
547,78,44,57,16,10,6,6,92.4,92.73,High
548,59,98,60,8,7,5,6,57.15,92.23,High
549,66,80,54,25,3,2,29,49.16,62.69,Low
550,35,40,96,12,19,6,15,92.6,85.0,High
551,70,97,58,25,16,5,12,56.77,93.35,High
552,89,96,39,17,11,7,27,81.38,76.04,High
553,57,93,50,23,16,8,10,81.53,100,High
554,47,76,81,20,8,3,17,58.93,74.16,Low
555,69,95,78,12,5,8,13,56.16,77.12,High
556,86,70,92,6,18,3,18,81.36,79.24,High
557,47,69,65,18,13,7,6,52.73,91.07,High
558,36,57,88,16,4,9,17,83.19,74.41,Low
559,97,73,67,18,18,1,12,50.25,90.78,High
560,67,95,47,15,10,5,11,64.1,86.55,High
561,67,79,37,14,3,6,27,81.02,55.92,Low
562,57,71,80,11,16,8,24,84.04,74.14,Low
563,45,83,71,15,20,3,27,53.88,70.09,Low
564,86,44,45,6,10,4,10,61.79,69.29,Low
565,72,69,85,9,14,6,23,76.11,80.06,High
566,58,37,51,24,7,5,30,84.43,62.34,Low
567,45,61,56,13,3,2,2,94.65,82.89,High
568,85,45,48,9,19,3,2,79.71,96.76,High
569,84,74,64,8,9,8,20,51.7,65.89,Low
570,39,80,76,16,14,9,29,59.44,66.5,Low
571,91,52,57,19,19,8,20,84.69,95.39,High
572,74,79,96,18,7,2,14,61.32,76.89,High
573,87,68,54,10,0,1,16,88.22,71.51,Low
574,95,36,97,25,15,5,0,85.59,100,High
575,72,64,35,18,11,4,13,91.75,82.82,High
576,84,83,63,9,2,7,20,57.7,66.44,Low
577,69,71,69,14,6,2,5,52.24,84.37,High
578,92,69,97,7,10,1,4,47.63,87.51,High
579,37,58,48,10,8,3,22,68.24,58.94,Low
580,36,98,62,11,13,5,25,87.37,71.21,Low
581,82,94,39,11,2,3,1,59.12,78.18,High
582,58,59,67,13,0,2,24,82.88,61.42,Low
583,84,91,66,24,1,4,14,83.97,92.76,High
584,61,95,84,22,9,6,5,78.35,100,High
585,40,50,67,16,20,5,6,64.1,98.34,High
586,49,65,90,11,0,3,25,59.63,54.04,Low
587,50,85,66,1,1,10,25,81.61,55.71,Low
588,46,66,55,16,2,10,10,94.33,81.22,High
589,42,42,80,21,4,9,25,50.69,55.66,Low
590,79,91,59,1,12,6,23,52.14,63.04,Low
591,40,97,91,18,9,9,22,70.97,72.46,Low
592,76,94,70,20,17,3,2,73.15,100,High
593,92,72,68,18,11,8,0,86.12,100,High
594,37,81,65,11,2,9,26,65.54,55.95,Low
595,98,54,71,11,13,6,3,50.1,90.89,High
596,51,57,39,7,3,8,6,50.23,67.09,Low
597,84,97,67,2,11,4,19,83.05,86.53,High
598,97,45,94,21,1,6,17,84.4,83.08,High
599,88,82,42,20,8,9,1,83.92,100,High
600,62,47,47,24,7,9,12,55.04,78.76,High
601,66,57,88,24,3,10,11,80.75,89.58,High
602,48,56,58,18,12,9,10,79.85,84.24,High
603,91,80,75,18,10,6,13,85.5,86.93,High
604,65,62,83,25,17,5,11,95.97,100,High
605,92,85,35,24,1,5,19,45.86,76.71,High
606,35,73,63,7,10,1,24,88.56,68.64,Low
607,70,100,54,4,1,8,11,53.27,68.23,Low
608,66,64,67,10,2,10,12,75.16,87.12,High
609,62,44,76,16,5,8,26,92.65,66.14,Low
610,47,73,39,24,18,7,2,86.35,98.85,High
611,77,79,90,14,3,4,23,79.6,69.72,Low
612,83,41,74,17,1,6,17,74.94,71.95,Low
613,76,99,63,5,1,7,14,84.9,73.47,Low
614,90,72,85,5,4,6,2,70.22,86.91,High
615,41,86,68,3,12,9,13,86.01,82.41,High
616,60,97,85,21,18,4,17,77.65,95.92,High
617,66,66,44,9,13,6,21,93.98,81.73,High
618,89,81,79,7,10,6,19,79.74,82.69,High
619,74,56,79,20,14,10,4,68.34,100,High
620,82,54,45,4,1,4,30,77.91,44.99,Low
621,53,71,36,11,3,5,14,69.97,62.52,Low
622,62,61,68,18,15,10,23,97.59,93.76,High
623,37,83,40,9,5,1,9,55.64,63.81,Low
624,94,36,43,13,8,6,27,50.72,53.04,Low
625,72,84,64,13,16,2,28,61.72,71.13,Low
626,58,60,99,15,17,1,1,58.11,91.25,High
627,74,77,97,13,5,1,11,81.27,80.05,High
628,99,70,42,21,8,7,28,98.0,82.0,High
629,38,70,63,5,10,7,21,52.27,57.7,Low
630,64,88,65,19,4,7,9,93.22,86.55,High
631,77,92,51,7,20,3,18,73.69,84.7,High
632,74,52,90,25,4,10,29,53.38,57.41,Low
633,43,50,58,11,4,1,24,61.89,61.98,Low
634,73,91,70,5,6,2,4,54.79,76.51,High
635,69,64,64,8,0,6,2,81.47,77.15,High
636,95,82,58,13,15,8,4,53.68,98.78,High
637,63,39,87,25,0,5,30,66.89,57.34,Low
638,61,43,57,15,19,8,22,62.22,60.48,Low
639,93,66,89,13,1,10,23,88.69,74.71,Low
640,39,48,92,15,1,4,16,73.51,61.27,Low
641,40,84,41,7,9,8,12,91.87,79.96,High
642,56,89,72,20,1,9,28,52.54,56.66,Low
643,92,46,99,4,5,10,30,92.4,59.83,Low
644,76,92,38,6,14,10,28,82.77,69.5,Low
645,60,93,46,9,10,3,22,83.86,75.8,High
646,81,45,84,24,16,10,30,53.47,79.76,High
647,83,40,56,11,18,3,5,91.05,99.82,High
648,88,74,74,24,14,5,20,54.58,91.64,High
649,51,60,35,20,8,1,14,71.37,63.72,Low
650,98,65,62,19,15,8,13,68.42,94.78,High
651,35,66,70,20,20,9,26,88.74,85.65,High
652,79,39,53,2,18,10,9,62.55,84.02,High
653,46,41,48,14,5,3,21,60.07,51.12,Low
654,57,93,81,2,2,5,10,64.53,63.57,Low
655,83,43,89,18,2,5,15,52.13,70.08,Low
656,87,61,61,20,1,2,18,83.68,70.32,Low
657,46,96,71,14,19,6,8,72.85,100,High
658,51,98,98,16,5,10,7,82.56,95.7,High
659,59,35,50,1,14,2,23,89.95,65.83,Low
660,87,40,77,12,17,4,0,78.95,84.51,High
661,71,67,43,10,9,9,17,62.17,79.74,High
662,78,85,38,6,6,6,26,62.91,57.52,Low
663,96,95,39,21,4,8,4,78.24,100,High
664,77,94,87,24,1,9,9,74.94,91.37,High
665,75,37,61,19,10,6,2,96.39,100,High
666,83,56,84,6,19,2,27,86.46,73.62,Low
667,74,75,39,9,13,2,15,91.48,73.47,Low
668,73,62,73,6,3,6,25,46.98,58.43,Low
669,60,46,91,17,0,8,28,71.5,63.16,Low
670,74,76,53,25,3,9,21,97.61,94.77,High
671,61,39,93,13,16,2,0,61.48,100,High
672,46,77,94,2,3,9,24,79.93,63.07,Low
673,74,37,74,21,6,6,6,55.2,84.31,High
674,91,50,69,5,5,5,3,45.81,81.02,High
675,100,48,61,18,11,9,10,59.37,98.86,High
676,66,56,44,10,19,6,17,68.51,75.2,High
677,51,38,95,22,1,2,12,47.85,65.56,Low
678,92,80,74,11,6,9,2,96.61,100,High
679,94,51,46,23,14,2,14,61.45,79.83,High
680,95,64,63,5,19,5,29,64.26,60.28,Low
681,58,77,76,15,15,1,2,70.19,92.38,High
682,56,71,79,20,18,3,16,50.46,86.9,High
683,48,76,44,10,17,8,12,76.3,85.56,High
684,55,96,84,3,10,4,26,81.79,68.04,Low
685,90,90,78,18,7,3,21,80.49,79.9,High
686,97,49,94,11,17,2,26,68.6,65.11,Low
687,74,86,43,20,3,10,24,88.45,72.77,Low
688,42,46,62,5,18,1,24,52.78,61.68,Low
689,54,92,72,13,19,10,14,55.37,87.16,High
690,73,90,79,3,18,1,19,97.28,78.21,High
691,86,51,72,2,11,9,30,47.82,51.0,Low
692,80,49,71,1,7,7,22,76.28,53.57,Low
693,75,83,86,13,13,9,6,80.11,98.05,High
694,84,81,88,5,9,3,4,45.61,82.63,High
695,37,53,97,22,13,3,2,52.27,95.39,High
696,89,58,93,17,13,9,26,68.85,69.71,Low
697,80,63,58,14,19,1,18,71.4,80.17,High
698,69,87,81,2,1,10,15,82.36,65.45,Low
699,49,96,45,5,16,5,14,72.4,71.18,Low
700,66,95,44,22,20,9,25,75.72,86.73,High
701,41,78,36,16,14,9,28,69.87,66.25,Low
702,72,72,56,2,19,5,23,86.61,68.69,Low
703,68,42,95,19,5,10,1,79.78,97.27,High
704,38,71,97,3,4,9,2,90.13,95.05,High
705,70,67,51,20,8,5,27,58.62,63.43,Low
706,54,92,82,6,8,4,15,54.58,62.29,Low
707,39,78,45,5,19,3,26,71.29,70.5,Low
708,65,91,56,7,18,6,1,79.04,100,High
709,49,41,56,15,12,8,9,70.24,93.95,High
710,64,83,84,16,8,3,16,91.12,80.33,High
711,36,71,92,13,10,9,21,95.66,84.27,High
712,80,90,69,11,8,5,25,50.21,67.19,Low
713,85,94,65,24,18,4,16,62.88,93.7,High
714,36,36,43,1,13,2,16,50.51,50.12,Low
715,92,79,63,24,9,5,6,46.8,92.33,High
716,62,50,50,3,19,3,12,79.79,77.48,High
717,58,49,58,9,9,8,21,94.62,64.46,Low
718,70,89,76,9,5,2,8,86.19,75.26,High
719,83,84,77,2,8,5,5,68.35,72.95,Low
720,85,57,97,4,4,9,24,67.86,64.05,Low
721,48,91,68,4,1,2,2,75.28,76.82,High
722,98,54,35,2,12,5,4,82.1,92.44,High
723,85,35,100,23,15,8,13,66.41,93.98,High
724,43,63,35,13,15,2,18,73.37,61.2,Low
725,80,77,73,13,1,2,11,73.34,78.36,High
726,93,72,60,6,17,1,30,65.36,61.73,Low
727,59,73,84,4,20,6,15,49.5,72.01,Low
728,52,39,59,1,18,4,15,65.6,62.34,Low
729,74,98,92,1,1,6,1,62.9,82.16,High
730,62,93,54,24,18,4,29,48.82,67.35,Low
731,53,97,37,16,19,1,7,82.17,97.33,High
732,41,74,47,15,19,3,26,76.33,72.46,Low
733,48,49,98,20,19,4,2,87.64,98.72,High
734,86,76,50,22,18,9,4,62.04,100,High
735,62,40,57,11,2,2,8,52.49,58.57,Low
736,56,91,66,19,1,3,3,86.93,94.87,High
737,83,55,37,16,2,1,0,54.51,86.33,High
738,71,88,95,23,4,4,4,78.91,100,High
739,92,87,65,6,19,1,19,54.54,63.32,Low
740,73,79,88,1,17,4,6,51.23,84.65,High
741,47,81,99,8,14,4,8,47.81,83.38,High
742,95,98,57,6,1,1,20,64.3,63.53,Low
743,61,90,67,11,19,8,1,50.53,100,High
744,55,38,97,17,3,2,28,57.47,54.29,Low
745,91,76,88,7,10,4,24,50.84,65.49,Low
746,87,60,83,8,2,8,18,70.67,73.86,Low
747,90,53,62,20,14,3,12,64.79,84.89,High
748,80,69,60,11,4,1,22,75.14,63.83,Low
749,70,52,49,15,14,7,5,85.3,96.95,High
750,55,56,64,3,13,9,15,90.7,82.65,High
751,62,95,94,9,0,7,23,91.25,69.58,Low
752,63,54,35,14,1,1,15,83.87,70.73,Low
753,99,39,89,17,12,8,25,87.29,84.23,High
754,65,45,36,23,13,4,4,64.0,86.4,High
755,65,46,37,16,9,3,22,69.34,57.82,Low
756,93,94,52,23,12,3,25,91.19,82.2,High
757,94,35,44,13,10,9,1,60.72,92.22,High
758,61,45,77,24,1,9,30,93.23,59.72,Low
759,81,41,49,13,11,8,19,47.17,63.43,Low
760,43,61,52,11,7,9,3,79.4,92.1,High
761,61,63,76,12,8,9,21,67.42,75.41,High
762,92,97,99,17,3,8,22,73.19,82.06,High
763,72,92,82,22,2,4,28,91.85,76.85,High
764,57,71,44,4,5,5,3,81.95,82.55,High
765,98,54,61,17,20,1,9,67.08,90.08,High
766,95,79,88,15,20,1,9,55.02,85.13,High
767,37,64,77,14,18,6,20,79.24,76.45,High
768,91,93,73,19,4,5,5,86.83,100,High
769,64,96,82,10,1,3,11,60.07,79.22,High
770,55,71,58,6,4,3,7,51.2,65.98,Low
771,75,51,91,9,11,3,6,74.81,91.44,High
772,79,53,82,15,17,3,17,60.98,82.1,High
773,38,86,98,25,4,8,29,61.97,75.1,High
774,99,77,72,16,9,10,21,52.8,78.91,High
775,91,78,49,24,15,1,4,80.93,100,High
776,63,92,80,3,10,1,19,78.99,69.99,Low
777,63,70,60,1,2,9,27,68.61,49.99,Low
778,100,85,59,16,10,10,19,72.11,84.54,High
779,42,81,85,5,13,6,12,64.76,76.51,High
780,92,46,62,24,14,7,25,68.45,84.68,High
781,55,89,88,5,18,10,2,52.61,91.48,High
782,77,43,83,3,0,7,20,93.46,78.17,High
783,88,57,94,23,18,3,6,54.86,96.58,High
784,40,73,73,16,17,8,7,46.42,93.16,High
785,35,54,68,10,20,8,3,79.65,100,High
786,97,66,38,4,8,8,2,76.74,86.41,High
787,81,96,90,9,20,8,22,88.37,85.58,High
788,37,68,55,19,1,3,10,69.44,77.98,High
789,52,80,55,2,8,6,13,78.72,73.2,Low
790,72,44,100,7,20,3,24,50.01,67.04,Low
791,56,76,75,22,9,5,21,81.99,75.9,High
792,80,53,36,5,16,5,11,86.28,88.03,High
793,87,78,55,4,6,3,16,56.72,69.11,Low
794,49,88,93,3,3,3,29,45.92,53.86,Low
795,79,74,81,5,14,10,16,85.47,82.4,High
796,38,50,63,5,4,4,9,51.64,67.9,Low
797,51,45,89,23,3,2,0,86.06,93.93,High
798,48,39,100,19,1,8,3,93.15,91.0,High
799,40,43,73,22,0,2,25,51.56,45.51,Low
800,60,58,79,1,2,3,27,84.55,46.23,Low
801,70,79,80,6,16,10,7,71.76,100,High
802,36,62,59,10,5,9,0,96.6,95.44,High
803,47,62,99,23,15,6,22,76.24,71.96,Low
804,58,80,83,14,6,9,7,66.6,92.61,High
805,75,50,94,4,16,3,15,85.4,79.31,High
806,40,45,76,16,3,7,9,69.22,69.78,Low
807,74,91,63,18,13,5,27,67.68,80.44,High
808,95,82,57,1,15,2,12,68.22,71.13,Low
809,45,50,53,13,12,10,3,84.3,96.1,High
810,81,60,78,7,19,7,3,57.34,93.88,High
811,89,98,70,25,18,10,8,85.08,100,High
812,80,95,86,16,16,5,4,85.7,97.26,High
813,48,50,67,16,15,4,20,94.95,87.58,High
814,43,98,38,6,12,10,21,62.33,69.01,Low
815,73,47,44,22,16,8,25,69.7,75.53,High
816,99,68,78,18,17,1,30,85.49,83.53,High
817,90,50,84,15,10,7,14,69.36,91.18,High
818,73,56,97,14,4,5,22,65.62,68.28,Low
819,49,97,95,16,17,3,16,47.95,81.22,High
820,83,80,71,11,1,1,18,47.39,67.26,Low
821,81,79,38,25,20,6,12,50.16,92.42,High
822,79,42,66,8,7,5,18,49.5,65.85,Low
823,43,74,49,11,5,1,17,62.28,50.42,Low
824,100,88,69,1,15,10,0,97.25,100,High
825,83,84,76,19,3,8,3,81.62,100,High
826,78,56,73,12,13,4,15,78.68,87.83,High
827,44,62,71,9,1,5,18,66.31,60.36,Low
828,46,47,78,9,2,10,25,73.15,65.37,Low
829,89,61,79,3,20,5,16,87.62,81.29,High
830,60,88,86,9,19,9,14,80.59,96.06,High
831,58,37,58,19,15,4,21,95.99,79.56,High
832,90,42,60,12,14,3,7,52.98,77.88,High
833,73,90,87,11,2,4,27,66.86,63.38,Low
834,67,65,86,8,3,3,6,46.47,65.72,Low
835,74,94,97,18,13,7,20,93.0,94.42,High
836,38,68,70,22,17,3,20,90.18,88.32,High
837,97,37,42,3,10,10,9,90.96,89.28,High
838,81,46,85,24,4,4,3,75.26,92.3,High
839,99,50,67,16,2,4,19,51.48,67.28,Low
840,84,65,89,7,4,2,5,56.35,73.8,Low
841,70,91,87,9,18,1,15,73.27,84.48,High
842,89,95,66,9,4,6,15,82.93,77.96,High
843,74,37,39,24,1,4,8,74.29,75.52,High
844,81,50,65,15,12,1,29,95.92,80.58,High
845,67,73,46,25,7,5,6,90.55,100,High
846,75,87,39,9,2,8,15,84.06,79.15,High
847,77,89,47,6,8,9,2,63.65,81.9,High
848,76,93,38,25,1,3,20,68.5,66.8,Low
849,52,35,86,7,20,5,10,75.52,88.29,High
850,51,87,75,15,15,3,8,54.19,89.17,High
851,76,71,60,3,13,6,5,65.86,78.68,High
852,63,37,37,18,20,10,20,57.12,85.08,High
853,46,94,60,9,5,1,12,77.75,69.72,Low
854,82,56,50,1,16,7,24,93.76,70.08,Low
855,93,98,50,8,6,4,30,90.68,65.41,Low
856,98,83,51,14,6,10,6,97.75,96.76,High
857,71,59,88,6,13,3,0,60.38,89.41,High
858,66,82,93,3,0,8,4,91.19,92.85,High
859,85,62,84,23,13,10,8,48.87,96.28,High
860,65,95,80,20,19,1,0,58.44,100,High
861,83,73,85,22,11,3,30,92.29,80.52,High
862,56,99,98,11,14,3,2,61.82,96.84,High
863,90,53,68,4,10,1,4,71.46,86.73,High
864,81,90,71,9,19,5,16,61.59,84.57,High
865,56,75,97,25,4,9,27,93.91,75.66,High
866,59,54,41,8,5,1,15,58.79,54.45,Low
867,94,90,49,16,1,8,11,97.41,85.42,High
868,49,53,50,12,2,4,27,60.06,45.36,Low
869,56,100,69,19,18,4,18,97.89,100,High
870,58,88,44,8,15,2,28,62.42,59.39,Low
871,71,50,85,12,18,2,26,62.15,73.75,Low
872,96,93,69,20,0,6,1,79.78,100,High
873,92,76,51,7,1,5,10,87.3,78.4,High
874,83,46,86,9,5,4,30,85.86,52.75,Low
875,86,46,37,7,5,7,24,66.33,49.82,Low
876,54,50,73,16,13,5,28,81.3,57.9,Low
877,51,80,47,12,16,4,15,68.61,75.59,High
878,89,46,89,12,19,3,13,78.43,93.53,High
879,46,40,100,11,14,4,20,81.37,76.83,High
880,45,72,94,14,2,8,9,52.88,80.95,High
881,51,73,66,17,13,5,18,47.53,74.04,Low
882,48,100,89,14,3,8,21,83.18,75.4,High
883,67,80,67,19,2,9,0,51.04,89.75,High
884,58,85,40,3,13,5,10,76.12,76.06,High
885,93,92,68,11,5,4,5,49.15,87.83,High
886,48,90,37,1,12,2,0,54.1,77.89,High
887,96,93,86,22,19,8,9,77.78,100,High
888,85,73,46,5,4,1,6,50.93,69.37,Low
889,37,59,38,7,15,3,20,57.81,65.09,Low
890,59,46,73,25,14,3,15,67.36,76.24,High
891,49,56,54,24,14,8,15,46.04,76.74,High
892,72,85,41,11,0,2,20,89.92,66.04,Low
893,90,88,98,24,18,10,23,74.38,96.69,High
894,97,100,97,8,1,9,0,67.37,100,High
895,75,43,69,21,13,8,3,71.22,100,High
896,90,37,55,10,6,8,11,68.22,75.47,High
897,99,63,78,20,14,3,28,60.55,70.5,Low
898,81,95,55,20,6,5,22,84.71,67.12,Low
899,96,51,57,7,5,10,15,50.35,55.94,Low
900,73,65,61,18,1,1,11,91.69,88.0,High
901,80,55,57,17,1,2,10,67.82,72.78,Low
902,63,97,68,11,11,1,24,91.52,71.06,Low
903,69,54,100,20,3,1,29,95.15,70.1,Low
904,49,48,48,18,1,9,3,53.85,66.56,Low
905,50,61,81,6,9,8,24,71.81,62.92,Low
906,81,77,52,4,6,8,13,85.77,76.06,High
907,35,66,95,11,9,9,5,49.52,76.72,High
908,81,66,54,25,16,7,25,57.09,85.77,High
909,89,87,87,15,16,6,30,46.58,71.27,Low
910,43,45,78,11,12,3,13,48.26,68.87,Low
911,39,54,42,21,16,5,13,66.31,79.23,High
912,73,75,79,1,8,9,19,93.78,69.74,Low
913,86,92,61,18,19,10,20,68.43,87.7,High
914,86,60,73,3,1,9,10,65.67,80.57,High
915,51,71,62,3,16,9,9,72.63,84.46,High
916,38,68,65,25,9,7,16,50.85,73.72,Low
917,42,82,68,21,16,6,3,47.53,93.92,High
918,73,35,93,11,7,10,18,82.88,75.27,High
919,64,79,73,10,18,3,22,65.02,73.85,Low
920,59,81,93,4,4,7,26,66.84,55.63,Low
921,46,42,89,5,15,4,14,49.14,65.67,Low
922,85,68,98,21,13,8,22,94.34,88.35,High
923,97,88,55,5,16,3,15,82.69,90.45,High
924,50,62,93,16,1,3,30,74.63,60.07,Low
925,50,87,49,4,11,10,9,47.13,78.17,High
926,82,73,72,16,0,3,4,86.54,93.05,High
927,88,41,74,10,6,3,26,84.2,69.07,Low
928,43,40,88,16,18,5,18,68.98,78.98,High
929,78,83,95,24,19,3,24,52.34,78.6,High
930,92,54,76,3,19,10,13,65.52,80.76,High
931,85,78,40,22,14,5,20,49.69,79.1,High
932,74,50,45,7,19,9,18,85.15,83.26,High
933,59,95,99,1,3,9,5,96.01,88.72,High
934,91,45,76,13,18,1,15,90.68,92.27,High
935,37,78,90,6,13,1,27,72.98,57.54,Low
936,47,56,71,5,5,5,24,49.75,50.38,Low
937,74,87,56,2,19,6,5,46.44,91.19,High
938,75,53,87,11,8,7,30,88.87,67.81,Low
939,50,41,60,8,19,10,7,71.13,89.28,High
940,49,69,42,11,14,9,13,48.47,70.22,Low
941,38,87,64,1,8,9,30,76.07,60.47,Low
942,51,73,87,15,2,9,6,86.49,94.68,High
943,53,82,56,8,17,7,30,93.31,70.0,Low
944,94,72,56,1,1,8,8,76.69,76.78,High
945,83,79,62,19,16,5,1,53.56,100,High
946,46,85,50,5,17,5,28,67.89,60.67,Low
947,99,75,78,21,8,8,8,58.03,100,High
948,93,77,37,23,4,1,19,70.26,73.57,Low
949,36,57,87,18,15,7,17,49.3,81.45,High
950,38,91,50,12,12,10,11,65.5,78.02,High
951,36,50,94,12,6,8,0,56.74,89.22,High
952,80,59,46,20,20,5,25,83.04,83.44,High
953,64,98,81,2,8,8,28,82.31,63.77,Low
954,85,49,70,19,16,8,5,74.24,100,High
955,57,43,51,24,2,3,8,94.48,90.98,High
956,70,59,37,23,17,10,8,81.08,94.02,High
957,93,35,89,21,20,1,27,94.75,69.67,Low
958,70,50,94,16,11,9,24,47.3,76.33,High
959,63,41,70,14,17,8,10,45.27,83.89,High
960,38,63,89,3,7,4,5,62.45,75.81,High
961,43,47,38,16,13,1,18,87.25,80.4,High
962,66,48,95,8,10,1,26,62.68,53.83,Low
963,65,44,91,25,3,8,18,51.62,84.84,High
964,83,75,43,5,1,8,1,60.98,78.92,High
965,90,43,48,22,1,9,1,60.63,89.37,High
966,87,64,36,15,12,8,25,67.69,72.97,Low
967,47,78,38,15,16,6,18,55.2,79.28,High
968,43,59,51,21,16,5,11,67.31,90.5,High
969,91,58,66,5,1,1,4,61.52,61.73,Low
970,80,74,53,5,15,5,19,63.17,77.04,High
971,82,36,53,2,7,9,26,89.26,63.84,Low
972,60,60,60,3,10,4,21,70.21,56.89,Low
973,94,77,77,20,9,7,10,53.6,82.68,High
974,40,98,63,1,20,4,22,57.2,68.56,Low
975,62,65,96,24,10,7,6,66.22,98.32,High
976,36,44,80,1,17,2,4,60.4,76.46,High
977,59,81,40,1,6,4,9,54.23,71.51,Low
978,78,66,57,7,0,3,26,58.87,43.49,Low
979,47,37,52,13,20,2,10,94.61,86.79,High
980,82,56,90,23,2,2,4,91.78,99.55,High
981,51,59,59,18,12,6,10,76.78,90.73,High
982,40,59,72,5,10,4,1,78.36,83.93,High
983,70,51,100,19,15,4,23,49.31,66.39,Low
984,43,56,100,13,20,9,11,71.43,94.58,High
985,94,57,76,23,11,9,22,70.61,90.64,High
986,86,39,61,8,6,8,27,57.42,54.18,Low
987,62,74,89,13,18,3,29,89.65,75.23,High
988,45,72,91,17,11,4,18,47.18,73.59,Low
989,100,78,89,15,14,7,13,64.48,89.79,High
990,38,57,91,8,8,2,11,92.78,77.2,High
991,72,99,100,18,20,2,25,59.65,82.64,High
992,81,39,60,11,6,6,8,61.04,79.68,High
993,70,59,52,25,17,5,0,85.81,100,High
994,86,86,36,16,20,9,24,95.43,95.2,High
995,85,64,64,24,6,8,7,72.34,97.7,High
996,94,78,45,11,6,7,24,94.92,65.79,Low
997,88,61,91,15,17,1,11,52.36,90.21,High
998,36,98,80,11,7,7,13,81.35,77.75,High
999,86,73,76,19,0,10,25,46.71,73.56,Low
1000,77,85,83,7,12,2,17,65.48,85.57,High
